{
  "model/models-dbg.js": 1618350017355,
  "model/models.js": 1618350017355,
  "manifest.json": 1618519299920,
  "js/formatter.js": 1618350085943,
  "controller/Main.controller.js": 1618515925405,
  "controller/BaseController.js": 1618351163469,
  "Component.js": 1618350017351,
  "manifest-bundle.zip": 1618519299719,
  "Component-preload.js": 1618519299878,
  "js/formatter-dbg.js": 1618350085943,
  "i18n/i18n.properties": 1618351924007,
  "controller/Main-dbg.controller.js": 1618515925405,
  "controller/BaseController-dbg.js": 1618351163469,
  "Component-dbg.js": 1618350017351,
  "resources.json": 1618519299923,
  "view/Main.view.xml": 1618518286256,
  "css/style.css": 1618350017351,
  "info.text": 1618518313076,
  "index.html": 1618350017351
}